,build time,run time,input #,output #,ancilla,garbage
alu1,0.26415014266967773,0.030390024185180664,12,8,6,10
rd84_,0.13028311729431152,0.0016219615936279297,8,4,3,7
