,build time,run time,input #,output #,ancilla,garbage
alu1,0.2617630958557129,0.036192893981933594,12,8,6,10
rd84_,0.13980698585510254,0.0015811920166015625,8,4,3,7
addm4,0.2220616340637207,0.0028688907623291016,9,8,4,5
log8mod,0.023257017135620117,0.0014739036560058594,8,5,2,5
b12,43.36055898666382,0.39859604835510254,15,9,7,13
cm162a,2.5263900756835938,0.14710497856140137,14,5,5,14
con1,0.0037660598754882812,0.0013649463653564453,7,2,1,6
dc2,0.02695918083190918,0.001489877700805664,8,7,6,7
